profile,phase,operation,command,n,client_mean_us,client_median_us,client_sd_us,client_p95_us,internal_mean_us,internal_median_us,internal_p95_us,outside_mean_us,internal_share_pct
rsa,EK_CREATE,EK Create,CreatePrimary,200,1302.403905,1261.712,299.93769151869856,1654.3487499999999,29.576195,26.4125,42.49304999999997,1272.82771,2.2708926844011574
rsa,AK_CREATE,AK Create,CreatePrimary,200,1264.09144,1249.1309999999999,175.12753259683754,1589.9447,24.399749999999997,22.298000000000002,37.055049999999994,1239.6916899999999,1.9302203327949123
rsa,MAKE_CREDENTIAL,MakeCredential,MakeCredential,200,1324.3548999999998,1305.7404999999999,302.1001896434691,1631.5862999999986,72.68104,66.7325,97.3274,1251.6738599999999,5.488033456892862
rsa,ACTIVATE_CREDENTIAL,ActivateCredential,ActivateCredential,200,4007.52624,3750.626,661.4950517610259,5290.87465,2729.758555,2482.8149999999996,3828.6997499999993,1277.767685,68.11579991052035
rsa,QUOTE,Quote,Quote,200,3959.242825,3742.068,631.4231248241819,5256.611449999999,2684.0401199999997,2437.77,3823.1225499999996,1275.202705,67.79175308602093
pq,EK_CREATE,EK Create,CreatePrimary,200,1107.8262300000001,1087.9215,95.98007988258344,1276.5785999999998,27.319720000000004,25.5475,39.655849999999994,1080.50651,2.4660654586595228
pq,AK_CREATE,AK Create,CreatePrimary,200,1104.6984,1079.539,161.78608474368247,1239.4923499999998,25.21233,23.34,31.308149999999998,1079.48607,2.282281752195894
pq,MAKE_CREDENTIAL,MakeCredential,MakeCredential,200,1136.626005,1104.0435,168.90666360015217,1301.3833,64.002855,61.185500000000005,80.28334999999996,1072.6231500000001,5.630951141224329
pq,ACTIVATE_CREDENTIAL,ActivateCredential,ActivateCredential,200,1153.46515,1130.2155,109.7396172617141,1337.1770499999998,95.79065,92.27199999999999,109.67159999999996,1057.6745,8.304598539453057
pq,QUOTE,Quote,Quote,200,1470.387205,1404.82,265.0919553979015,1820.0549999999994,373.043005,325.42,710.7760999999999,1097.3442,25.370392487875325
