run,profile,verifier_ns,full_flow_ns
1,Classical RSA,55163,42917872
2,Classical RSA,63508,44682920
3,Classical RSA,72275,45875722
4,Classical RSA,55393,56598345
5,Classical RSA,77815,45102181
6,Classical RSA,74158,45020839
7,Classical RSA,55964,42816122
8,Classical RSA,80109,43018940
9,Classical RSA,55704,39498392
10,Classical RSA,62356,51801910
11,Classical RSA,55834,42174156
12,Classical RSA,69700,38753905
13,Classical RSA,80440,40181284
14,Classical RSA,53930,40952100
15,Classical RSA,72715,41644541
16,Classical RSA,74980,41177250
17,Classical RSA,68728,45187900
18,Classical RSA,67946,46197240
19,Classical RSA,56846,43599301
20,Classical RSA,56536,39499622
21,Classical RSA,56525,41582154
22,Classical RSA,58990,37439645
23,Classical RSA,55373,39725606
24,Classical RSA,86311,42772911
25,Classical RSA,57958,38125756
26,Classical RSA,81652,36530451
27,Classical RSA,78556,37044870
28,Classical RSA,60523,37354489
29,Classical RSA,54863,37156491
30,Classical RSA,53730,36560882
31,Classical RSA,79377,40228613
32,Classical RSA,55493,39314918
33,Classical RSA,65532,37535336
34,Classical RSA,63970,39814332
35,Classical RSA,92563,38402882
36,Classical RSA,64290,36620412
37,Classical RSA,66735,36578153
38,Classical RSA,69109,40062323
39,Classical RSA,56585,37635973
40,Classical RSA,79007,38953327
41,Classical RSA,53790,38012665
42,Classical RSA,56495,39999095
43,Classical RSA,54391,39507857
44,Classical RSA,57618,38513889
45,Classical RSA,66113,41941253
46,Classical RSA,53770,37823533
47,Classical RSA,54412,38537844
48,Classical RSA,54030,38383777
49,Classical RSA,54542,39072950
50,Classical RSA,55293,37977736
51,Classical RSA,101439,39317371
52,Classical RSA,72285,41281464
53,Classical RSA,62707,38056907
54,Classical RSA,56005,38122700
55,Classical RSA,71513,38078444
56,Classical RSA,79468,37223957
57,Classical RSA,70632,36546054
58,Classical RSA,66724,38817164
59,Classical RSA,83356,38980979
60,Classical RSA,53980,38199553
61,Classical RSA,59992,37827290
62,Classical RSA,54160,39676665
63,Classical RSA,83135,38959306
64,Classical RSA,62035,36950592
65,Classical RSA,55704,40616916
66,Classical RSA,98553,40473930
67,Classical RSA,66844,42853672
68,Classical RSA,77194,38387643
69,Classical RSA,54091,38541810
70,Classical RSA,82844,39366640
71,Classical RSA,62887,37633779
72,Classical RSA,104725,42505424
73,Classical RSA,69579,42898526
74,Classical RSA,67165,48062765
75,Classical RSA,72054,43951365
76,Classical RSA,55884,44826167
77,Classical RSA,70120,41090138
78,Classical RSA,57177,42181621
79,Classical RSA,98474,40272204
80,Classical RSA,80970,41746540
81,Classical RSA,77986,38402775
82,Classical RSA,81122,52049021
83,Classical RSA,80289,44160988
84,Classical RSA,63469,37992989
85,Classical RSA,69489,36152310
86,Classical RSA,60803,40715179
87,Classical RSA,57627,38434902
88,Classical RSA,65692,38592380
89,Classical RSA,54151,40682979
90,Classical RSA,66254,38565285
91,Classical RSA,55794,39164130
92,Classical RSA,54091,39616262
93,Classical RSA,64420,39983606
94,Classical RSA,55584,37994251
95,Classical RSA,56015,37467310
96,Classical RSA,101338,39837151
97,Classical RSA,82563,38833274
98,Classical RSA,55814,36998947
99,Classical RSA,55103,37774842
100,Classical RSA,69730,41050267
101,Classical RSA,70271,41783516
102,Classical RSA,71914,49770309
103,Classical RSA,57167,39538370
104,Classical RSA,60302,38288549
105,Classical RSA,54692,37518775
106,Classical RSA,63127,40352543
107,Classical RSA,54422,36449498
108,Classical RSA,74238,41265205
109,Classical RSA,77033,42722047
110,Classical RSA,81401,38855344
111,Classical RSA,58098,37481601
112,Classical RSA,54833,37078626
113,Classical RSA,53159,39414405
114,Classical RSA,52909,36333046
115,Classical RSA,54671,36608605
116,Classical RSA,59090,38386031
117,Classical RSA,53179,35007498
118,Classical RSA,54992,36035883
119,Classical RSA,54672,41444713
120,Classical RSA,61875,36551319
121,Classical RSA,53340,34722587
122,Classical RSA,51296,33456408
123,Classical RSA,69469,38098104
124,Classical RSA,50604,32079244
125,Classical RSA,50654,30477068
126,Classical RSA,51216,34582115
127,Classical RSA,50314,31470118
128,Classical RSA,53038,31257949
129,Classical RSA,63628,31554516
130,Classical RSA,51676,33990794
131,Classical RSA,52728,32695530
132,Classical RSA,54832,34730171
133,Classical RSA,52588,34551648
134,Classical RSA,53980,32713915
135,Classical RSA,52258,33754374
136,Classical RSA,50584,34059331
137,Classical RSA,54612,31700995
138,Classical RSA,54121,34715661
139,Classical RSA,52537,31240120
140,Classical RSA,51846,30885339
141,Classical RSA,52538,30301863
142,Classical RSA,49452,30590390
143,Classical RSA,90208,30739488
144,Classical RSA,51837,30793538
145,Classical RSA,51556,30943518
146,Classical RSA,50825,31073961
147,Classical RSA,52117,32064014
148,Classical RSA,52578,35035650
149,Classical RSA,65813,35199535
150,Classical RSA,64210,34640033
151,Classical RSA,51677,33261976
152,Classical RSA,53660,33440188
153,Classical RSA,61535,36589083
154,Classical RSA,52678,36671978
155,Classical RSA,55594,31230843
156,Classical RSA,52118,34665827
157,Classical RSA,53710,37631155
158,Classical RSA,56946,32777945
159,Classical RSA,52247,33112619
160,Classical RSA,52228,33536087
161,Classical RSA,57598,33264827
162,Classical RSA,52318,32441735
163,Classical RSA,55103,30846527
164,Classical RSA,52748,32700355
165,Classical RSA,52477,30519789
166,Classical RSA,53349,30654971
167,Classical RSA,53840,33509237
168,Classical RSA,51306,31382766
169,Classical RSA,51937,30747963
170,Classical RSA,54742,32575512
171,Classical RSA,51025,31096002
172,Classical RSA,52417,32084824
173,Classical RSA,55934,32329349
174,Classical RSA,53730,31038634
175,Classical RSA,52998,30595770
176,Classical RSA,51867,30982551
177,Classical RSA,74439,30725885
178,Classical RSA,51315,30685978
179,Classical RSA,51837,31175189
180,Classical RSA,51797,31019559
181,Classical RSA,53800,30813225
182,Classical RSA,61355,33170826
183,Classical RSA,51906,31482061
184,Classical RSA,51646,30701898
185,Classical RSA,52908,35058343
186,Classical RSA,54482,32860165
187,Classical RSA,51997,32645298
188,Classical RSA,50925,32947400
189,Classical RSA,50595,30828704
190,Classical RSA,51265,36339806
191,Classical RSA,51536,35710427
192,Classical RSA,50414,32719115
193,Classical RSA,55844,33223134
194,Classical RSA,61375,33250665
195,Classical RSA,51355,31702361
196,Classical RSA,52798,33443865
197,Classical RSA,50845,30989473
198,Classical RSA,53099,30945341
199,Classical RSA,58209,32816246
200,Classical RSA,52859,32444163
